{
  "version": 1,
  "author": "Anonymous maker",
  "editor": "wokwi",
  "parts": [
    { "type": "board-esp32-devkit-c-v4", "id": "esp", "top": -9.6, "left": 81.64, "attrs": {} },
    {
      "type": "wokwi-lcd2004",
      "id": "lcd1",
      "top": 54.4,
      "left": 293.6,
      "attrs": { "pins": "i2c" }
    },
    { "type": "wokwi-mpu6050", "id": "imu1", "top": 272.62, "left": 213.52, "attrs": {} }
  ],
  "connections": [
    [ "esp:TX", "$serialMonitor:RX", "", [] ],
    [ "esp:RX", "$serialMonitor:TX", "", [] ],
    [ "imu1:GND", "lcd1:GND", "black", [ "v0" ] ],
    [ "imu1:SCL", "esp:22", "green", [ "v-28.8", "h19.28", "v-172.8" ] ],
    [ "lcd1:SCL", "esp:22", "green", [ "h-9.6", "v-76.5" ] ],
    [ "lcd1:SDA", "esp:21", "green", [ "h-9.6", "v-38.2" ] ],
    [ "imu1:SDA", "esp:21", "green", [ "v0" ] ],
    [ "esp:5V", "lcd1:VCC", "red", [ "h134.55", "v-96" ] ],
    [ "lcd1:GND", "esp:GND.2", "black", [ "h0", "v-67.2" ] ],
    [ "imu1:VCC", "esp:5V", "red", [ "v0" ] ]
  ],
  "dependencies": {}
}